date,sector,energy_type,value_trillion_btu
1973-01-01 0:00,transportation,biomass,0
1973-02-01 0:00,transportation,biomass,0
1973-03-01 0:00,transportation,biomass,0
1973-04-01 0:00,transportation,biomass,0
1973-05-01 0:00,transportation,biomass,0
1973-06-01 0:00,transportation,biomass,0
1973-07-01 0:00,transportation,biomass,0
1973-08-01 0:00,transportation,biomass,0
1973-09-01 0:00,transportation,biomass,0
1973-10-01 0:00,transportation,biomass,0
1973-11-01 0:00,transportation,biomass,0
1973-12-01 0:00,transportation,biomass,0
1974-01-01 0:00,transportation,biomass,0
1974-02-01 0:00,transportation,biomass,0
1974-03-01 0:00,transportation,biomass,0
1974-04-01 0:00,transportation,biomass,0
1974-05-01 0:00,transportation,biomass,0
1974-06-01 0:00,transportation,biomass,0
1974-07-01 0:00,transportation,biomass,0
1974-08-01 0:00,transportation,biomass,0
1974-09-01 0:00,transportation,biomass,0
1974-10-01 0:00,transportation,biomass,0
1974-11-01 0:00,transportation,biomass,0
1974-12-01 0:00,transportation,biomass,0
1975-01-01 0:00,transportation,biomass,0
1975-02-01 0:00,transportation,biomass,0
1975-03-01 0:00,transportation,biomass,0
1975-04-01 0:00,transportation,biomass,0
1975-05-01 0:00,transportation,biomass,0
1975-06-01 0:00,transportation,biomass,0
1975-07-01 0:00,transportation,biomass,0
1975-08-01 0:00,transportation,biomass,0
1975-09-01 0:00,transportation,biomass,0
1975-10-01 0:00,transportation,biomass,0
1975-11-01 0:00,transportation,biomass,0
1975-12-01 0:00,transportation,biomass,0
1976-01-01 0:00,transportation,biomass,0
1976-02-01 0:00,transportation,biomass,0
1976-03-01 0:00,transportation,biomass,0
1976-04-01 0:00,transportation,biomass,0
1976-05-01 0:00,transportation,biomass,0
1976-06-01 0:00,transportation,biomass,0
1976-07-01 0:00,transportation,biomass,0
1976-08-01 0:00,transportation,biomass,0
1976-09-01 0:00,transportation,biomass,0
1976-10-01 0:00,transportation,biomass,0
1976-11-01 0:00,transportation,biomass,0
1976-12-01 0:00,transportation,biomass,0
1977-01-01 0:00,transportation,biomass,0
1977-02-01 0:00,transportation,biomass,0
1977-03-01 0:00,transportation,biomass,0
1977-04-01 0:00,transportation,biomass,0
1977-05-01 0:00,transportation,biomass,0
1977-06-01 0:00,transportation,biomass,0
1977-07-01 0:00,transportation,biomass,0
1977-08-01 0:00,transportation,biomass,0
1977-09-01 0:00,transportation,biomass,0
1977-10-01 0:00,transportation,biomass,0
1977-11-01 0:00,transportation,biomass,0
1977-12-01 0:00,transportation,biomass,0
1978-01-01 0:00,transportation,biomass,0
1978-02-01 0:00,transportation,biomass,0
1978-03-01 0:00,transportation,biomass,0
1978-04-01 0:00,transportation,biomass,0
1978-05-01 0:00,transportation,biomass,0
1978-06-01 0:00,transportation,biomass,0
1978-07-01 0:00,transportation,biomass,0
1978-08-01 0:00,transportation,biomass,0
1978-09-01 0:00,transportation,biomass,0
1978-10-01 0:00,transportation,biomass,0
1978-11-01 0:00,transportation,biomass,0
1978-12-01 0:00,transportation,biomass,0
1979-01-01 0:00,transportation,biomass,0
1979-02-01 0:00,transportation,biomass,0
1979-03-01 0:00,transportation,biomass,0
1979-04-01 0:00,transportation,biomass,0
1979-05-01 0:00,transportation,biomass,0
1979-06-01 0:00,transportation,biomass,0
1979-07-01 0:00,transportation,biomass,0
1979-08-01 0:00,transportation,biomass,0
1979-09-01 0:00,transportation,biomass,0
1979-10-01 0:00,transportation,biomass,0
1979-11-01 0:00,transportation,biomass,0
1979-12-01 0:00,transportation,biomass,0
1980-01-01 0:00,transportation,biomass,0
1980-02-01 0:00,transportation,biomass,0
1980-03-01 0:00,transportation,biomass,0
1980-04-01 0:00,transportation,biomass,0
1980-05-01 0:00,transportation,biomass,0
1980-06-01 0:00,transportation,biomass,0
1980-07-01 0:00,transportation,biomass,0
1980-08-01 0:00,transportation,biomass,0
1980-09-01 0:00,transportation,biomass,0
1980-10-01 0:00,transportation,biomass,0
1980-11-01 0:00,transportation,biomass,0
1980-12-01 0:00,transportation,biomass,0
1981-02-01 0:00,transportation,biomass,0.516
1981-04-01 0:00,transportation,biomass,0.553
1981-06-01 0:00,transportation,biomass,0.553
1981-09-01 0:00,transportation,biomass,0.553
1981-11-01 0:00,transportation,biomass,0.553
1981-01-01 0:00,transportation,biomass,0.571
1981-03-01 0:00,transportation,biomass,0.571
1981-05-01 0:00,transportation,biomass,0.571
1981-07-01 0:00,transportation,biomass,0.571
1981-08-01 0:00,transportation,biomass,0.571
1981-10-01 0:00,transportation,biomass,0.571
1981-12-01 0:00,transportation,biomass,0.571
1982-02-01 0:00,transportation,biomass,1.403
1982-04-01 0:00,transportation,biomass,1.503
1982-06-01 0:00,transportation,biomass,1.503
1982-09-01 0:00,transportation,biomass,1.503
1982-11-01 0:00,transportation,biomass,1.503
1982-01-01 0:00,transportation,biomass,1.553
1982-03-01 0:00,transportation,biomass,1.553
1982-05-01 0:00,transportation,biomass,1.553
1982-07-01 0:00,transportation,biomass,1.553
1982-08-01 0:00,transportation,biomass,1.553
1982-10-01 0:00,transportation,biomass,1.553
1982-12-01 0:00,transportation,biomass,1.553
1996-01-01 0:00,transportation,biomass,10.006
1995-12-01 0:00,transportation,biomass,10.084
1994-01-01 0:00,transportation,biomass,10.16
1995-06-01 0:00,transportation,biomass,10.163
2001-04-01 0:00,transportation,biomass,10.24
1999-01-01 0:00,transportation,biomass,10.305
1995-03-01 0:00,transportation,biomass,10.344
1994-10-01 0:00,transportation,biomass,10.447
1994-12-01 0:00,transportation,biomass,10.559
1998-01-01 0:00,transportation,biomass,10.568
2000-07-01 0:00,transportation,biomass,10.646
2002-03-01 0:00,transportation,biomass,10.687
1998-10-01 0:00,transportation,biomass,10.779
2001-05-01 0:00,transportation,biomass,10.805
2000-09-01 0:00,transportation,biomass,10.807
2014-01-01 0:00,transportation,biomass,100.134
2012-10-01 0:00,transportation,biomass,100.705
2021-02-01 0:00,transportation,biomass,100.85
2011-10-01 0:00,transportation,biomass,100.905
2021-01-01 0:00,transportation,biomass,101.911
2013-03-01 0:00,transportation,biomass,102.172
2018-02-01 0:00,transportation,biomass,102.213
2017-02-01 0:00,transportation,biomass,102.934
2012-06-01 0:00,transportation,biomass,102.953
2013-04-01 0:00,transportation,biomass,102.975
2011-06-01 0:00,transportation,biomass,103.098
2020-03-01 0:00,transportation,biomass,103.292
2016-01-01 0:00,transportation,biomass,103.351
2020-05-01 0:00,transportation,biomass,104.737
2012-05-01 0:00,transportation,biomass,105.004
2014-03-01 0:00,transportation,biomass,105.564
2011-12-01 0:00,transportation,biomass,106.337
2014-04-01 0:00,transportation,biomass,106.344
2012-08-01 0:00,transportation,biomass,106.48
2015-04-01 0:00,transportation,biomass,107.542
2013-05-01 0:00,transportation,biomass,107.594
2011-08-01 0:00,transportation,biomass,107.972
2016-02-01 0:00,transportation,biomass,108.348
2015-03-01 0:00,transportation,biomass,109.353
2017-01-01 0:00,transportation,biomass,109.496
2014-09-01 0:00,transportation,biomass,109.551
1997-10-01 0:00,transportation,biomass,11.012
1997-12-01 0:00,transportation,biomass,11.203
1995-10-01 0:00,transportation,biomass,11.239
2001-09-01 0:00,transportation,biomass,11.258
2000-01-01 0:00,transportation,biomass,11.348
2000-05-01 0:00,transportation,biomass,11.441
1999-10-01 0:00,transportation,biomass,11.485
2001-02-01 0:00,transportation,biomass,11.528
2000-03-01 0:00,transportation,biomass,11.537
2000-08-01 0:00,transportation,biomass,11.746
1999-11-01 0:00,transportation,biomass,11.804
2014-06-01 0:00,transportation,biomass,110.184
2014-11-01 0:00,transportation,biomass,110.478
2013-07-01 0:00,transportation,biomass,110.553
2016-04-01 0:00,transportation,biomass,111.084
2022-02-01 0:00,transportation,biomass,111.139
2013-08-01 0:00,transportation,biomass,111.395
2020-10-01 0:00,transportation,biomass,111.423
2015-11-01 0:00,transportation,biomass,111.548
2013-06-01 0:00,transportation,biomass,111.811
2019-01-01 0:00,transportation,biomass,111.89
2013-11-01 0:00,transportation,biomass,112.729
2014-05-01 0:00,transportation,biomass,112.737
2013-09-01 0:00,transportation,biomass,113.291
2019-02-01 0:00,transportation,biomass,113.326
2018-04-01 0:00,transportation,biomass,114.153
2015-12-01 0:00,transportation,biomass,114.589
2018-01-01 0:00,transportation,biomass,114.616
2020-02-01 0:00,transportation,biomass,114.701
2014-07-01 0:00,transportation,biomass,114.718
2014-12-01 0:00,transportation,biomass,116.228
2015-10-01 0:00,transportation,biomass,116.312
2020-11-01 0:00,transportation,biomass,116.75
2014-10-01 0:00,transportation,biomass,116.798
2014-08-01 0:00,transportation,biomass,117.011
2022-01-01 0:00,transportation,biomass,117.751
2015-09-01 0:00,transportation,biomass,117.86
2018-09-01 0:00,transportation,biomass,118.168
2015-05-01 0:00,transportation,biomass,118.269
2016-03-01 0:00,transportation,biomass,118.449
2020-08-01 0:00,transportation,biomass,118.61
2015-06-01 0:00,transportation,biomass,119.11
2020-09-01 0:00,transportation,biomass,119.266
2018-03-01 0:00,transportation,biomass,119.34
2013-12-01 0:00,transportation,biomass,119.343
2020-01-01 0:00,transportation,biomass,119.732
2017-04-01 0:00,transportation,biomass,119.873
2002-06-01 0:00,transportation,biomass,12.135
2002-02-01 0:00,transportation,biomass,12.176
2001-11-01 0:00,transportation,biomass,12.243
1998-12-01 0:00,transportation,biomass,12.286
2001-12-01 0:00,transportation,biomass,12.296
2001-03-01 0:00,transportation,biomass,12.336
2002-04-01 0:00,transportation,biomass,12.496
2002-01-01 0:00,transportation,biomass,12.825
2000-11-01 0:00,transportation,biomass,12.842
2000-10-01 0:00,transportation,biomass,12.955
2017-03-01 0:00,transportation,biomass,120.047
2021-04-01 0:00,transportation,biomass,120.216
2019-09-01 0:00,transportation,biomass,120.377
2021-09-01 0:00,transportation,biomass,120.426
2015-07-01 0:00,transportation,biomass,120.48
2013-10-01 0:00,transportation,biomass,120.645
2020-07-01 0:00,transportation,biomass,120.843
2020-06-01 0:00,transportation,biomass,121.375
2019-04-01 0:00,transportation,biomass,121.526
2015-08-01 0:00,transportation,biomass,121.801
2018-11-01 0:00,transportation,biomass,121.909
2017-11-01 0:00,transportation,biomass,122.961
2017-09-01 0:00,transportation,biomass,123.066
2019-03-01 0:00,transportation,biomass,123.088
2018-12-01 0:00,transportation,biomass,123.4
2018-06-01 0:00,transportation,biomass,123.427
2020-12-01 0:00,transportation,biomass,123.517
2017-12-01 0:00,transportation,biomass,124.281
2023-02-01 0:00,transportation,biomass,124.313
2016-06-01 0:00,transportation,biomass,124.757
2019-11-01 0:00,transportation,biomass,124.999
2021-03-01 0:00,transportation,biomass,125.379
2016-05-01 0:00,transportation,biomass,125.591
2018-07-01 0:00,transportation,biomass,126.06
2016-10-01 0:00,transportation,biomass,126.353
2017-10-01 0:00,transportation,biomass,126.769
2022-04-01 0:00,transportation,biomass,127.089
2016-09-01 0:00,transportation,biomass,127.126
2018-10-01 0:00,transportation,biomass,127.155
2016-11-01 0:00,transportation,biomass,127.708
2017-07-01 0:00,transportation,biomass,127.71
2019-06-01 0:00,transportation,biomass,127.955
2022-09-01 0:00,transportation,biomass,128.061
2021-06-01 0:00,transportation,biomass,128.455
2019-08-01 0:00,transportation,biomass,128.624
2019-10-01 0:00,transportation,biomass,129.283
2019-12-01 0:00,transportation,biomass,129.748
2025-02-01 0:00,transportation,biomass,129.947
1995-11-01 0:00,transportation,biomass,13.139
1999-12-01 0:00,transportation,biomass,13.302
2002-05-01 0:00,transportation,biomass,13.328
2000-12-01 0:00,transportation,biomass,13.483
2002-08-01 0:00,transportation,biomass,13.956
2002-09-01 0:00,transportation,biomass,13.986
2021-07-01 0:00,transportation,biomass,130.6
2017-06-01 0:00,transportation,biomass,130.708
2016-07-01 0:00,transportation,biomass,130.846
2016-12-01 0:00,transportation,biomass,130.868
2019-07-01 0:00,transportation,biomass,131.399
2021-08-01 0:00,transportation,biomass,131.606
2022-07-01 0:00,transportation,biomass,131.622
2017-05-01 0:00,transportation,biomass,131.776
2021-11-01 0:00,transportation,biomass,131.962
2018-08-01 0:00,transportation,biomass,132.263
2021-12-01 0:00,transportation,biomass,132.41
2025-01-01 0:00,transportation,biomass,132.609
2022-03-01 0:00,transportation,biomass,132.722
2018-05-01 0:00,transportation,biomass,133.017
2021-05-01 0:00,transportation,biomass,133.593
2022-05-01 0:00,transportation,biomass,134.022
2017-08-01 0:00,transportation,biomass,134.035
2016-08-01 0:00,transportation,biomass,134.139
2022-12-01 0:00,transportation,biomass,134.306
2019-05-01 0:00,transportation,biomass,134.388
2022-11-01 0:00,transportation,biomass,134.622
2025-06-01 0:00,transportation,biomass,135.626
2023-01-01 0:00,transportation,biomass,135.708
2025-11-01 0:00,transportation,biomass,136.614
2021-10-01 0:00,transportation,biomass,138.567
2023-04-01 0:00,transportation,biomass,138.63
2025-12-01 0:00,transportation,biomass,139.0188182
2025-05-01 0:00,transportation,biomass,139.049
2022-06-01 0:00,transportation,biomass,139.168
2025-09-01 0:00,transportation,biomass,139.197
2025-03-01 0:00,transportation,biomass,139.776
2002-07-01 0:00,transportation,biomass,14.131
2001-07-01 0:00,transportation,biomass,14.218
2001-01-01 0:00,transportation,biomass,14.295
2024-01-01 0:00,transportation,biomass,140.199
2022-08-01 0:00,transportation,biomass,140.991
2022-10-01 0:00,transportation,biomass,141.656
2025-04-01 0:00,transportation,biomass,141.719
2025-08-01 0:00,transportation,biomass,141.925
2025-07-01 0:00,transportation,biomass,143.781
2023-11-01 0:00,transportation,biomass,145.746
2023-03-01 0:00,transportation,biomass,148.732
2025-10-01 0:00,transportation,biomass,148.964
2023-07-01 0:00,transportation,biomass,149.264
2001-10-01 0:00,transportation,biomass,15.121
2024-02-01 0:00,transportation,biomass,150.938
2023-09-01 0:00,transportation,biomass,151.574
2024-04-01 0:00,transportation,biomass,152.652
2024-03-01 0:00,transportation,biomass,154.96
2024-12-01 0:00,transportation,biomass,156.552
2023-12-01 0:00,transportation,biomass,157.159
2024-09-01 0:00,transportation,biomass,157.611
2024-11-01 0:00,transportation,biomass,157.747
2023-06-01 0:00,transportation,biomass,158.183
2023-10-01 0:00,transportation,biomass,159.375
2003-01-01 0:00,transportation,biomass,16.514
2003-03-01 0:00,transportation,biomass,16.514
2002-10-01 0:00,transportation,biomass,16.792
2024-06-01 0:00,transportation,biomass,161.652
2023-05-01 0:00,transportation,biomass,161.702
2023-08-01 0:00,transportation,biomass,161.715
2024-08-01 0:00,transportation,biomass,163.606
2024-10-01 0:00,transportation,biomass,167.129
2024-05-01 0:00,transportation,biomass,167.563
2003-06-01 0:00,transportation,biomass,17.749
2003-09-01 0:00,transportation,biomass,17.765
2024-07-01 0:00,transportation,biomass,173.502
2002-12-01 0:00,transportation,biomass,18.037
2003-07-01 0:00,transportation,biomass,18.146
2003-04-01 0:00,transportation,biomass,18.613
2003-05-01 0:00,transportation,biomass,18.615
2002-11-01 0:00,transportation,biomass,19.127
2003-02-01 0:00,transportation,biomass,19.533
2003-08-01 0:00,transportation,biomass,19.931
1983-02-01 0:00,transportation,biomass,2.587
1983-04-01 0:00,transportation,biomass,2.772
1983-06-01 0:00,transportation,biomass,2.772
1983-09-01 0:00,transportation,biomass,2.772
1983-11-01 0:00,transportation,biomass,2.772
1983-01-01 0:00,transportation,biomass,2.864
1983-03-01 0:00,transportation,biomass,2.864
1983-05-01 0:00,transportation,biomass,2.864
1983-07-01 0:00,transportation,biomass,2.864
1983-08-01 0:00,transportation,biomass,2.864
1983-10-01 0:00,transportation,biomass,2.864
1983-12-01 0:00,transportation,biomass,2.864
2003-10-01 0:00,transportation,biomass,20.1
2003-11-01 0:00,transportation,biomass,22.749
2004-03-01 0:00,transportation,biomass,22.902
2004-02-01 0:00,transportation,biomass,22.928
2004-07-01 0:00,transportation,biomass,23.293
2004-01-01 0:00,transportation,biomass,23.376
2004-04-01 0:00,transportation,biomass,23.512
2003-12-01 0:00,transportation,biomass,23.582
2004-08-01 0:00,transportation,biomass,23.862
2005-02-01 0:00,transportation,biomass,23.868
2004-09-01 0:00,transportation,biomass,24.009
2004-05-01 0:00,transportation,biomass,24.079
2005-04-01 0:00,transportation,biomass,24.536
2004-11-01 0:00,transportation,biomass,24.682
2004-10-01 0:00,transportation,biomass,25.233
2004-06-01 0:00,transportation,biomass,25.41
2005-03-01 0:00,transportation,biomass,25.965
2004-12-01 0:00,transportation,biomass,26.43
2005-05-01 0:00,transportation,biomass,26.787
2005-01-01 0:00,transportation,biomass,27.156
2006-02-01 0:00,transportation,biomass,27.904
2005-09-01 0:00,transportation,biomass,27.996
2005-07-01 0:00,transportation,biomass,28.792
2005-06-01 0:00,transportation,biomass,28.828
1984-02-01 0:00,transportation,biomass,3.27
1984-04-01 0:00,transportation,biomass,3.382
1984-06-01 0:00,transportation,biomass,3.382
1984-09-01 0:00,transportation,biomass,3.382
1984-11-01 0:00,transportation,biomass,3.382
1984-01-01 0:00,transportation,biomass,3.495
1984-03-01 0:00,transportation,biomass,3.495
1984-05-01 0:00,transportation,biomass,3.495
1984-07-01 0:00,transportation,biomass,3.495
1984-08-01 0:00,transportation,biomass,3.495
1984-10-01 0:00,transportation,biomass,3.495
1984-12-01 0:00,transportation,biomass,3.495
1985-02-01 0:00,transportation,biomass,3.816
2005-10-01 0:00,transportation,biomass,30.459
2006-01-01 0:00,transportation,biomass,30.519
2005-08-01 0:00,transportation,biomass,30.834
2005-11-01 0:00,transportation,biomass,30.935
2006-03-01 0:00,transportation,biomass,32.142
2005-12-01 0:00,transportation,biomass,32.86
2006-04-01 0:00,transportation,biomass,33.221
1985-04-01 0:00,transportation,biomass,4.088
1985-06-01 0:00,transportation,biomass,4.088
1985-09-01 0:00,transportation,biomass,4.088
1985-11-01 0:00,transportation,biomass,4.088
1996-07-01 0:00,transportation,biomass,4.127
1985-01-01 0:00,transportation,biomass,4.224
1985-03-01 0:00,transportation,biomass,4.224
1985-05-01 0:00,transportation,biomass,4.224
1985-07-01 0:00,transportation,biomass,4.224
1985-08-01 0:00,transportation,biomass,4.224
1985-10-01 0:00,transportation,biomass,4.224
1985-12-01 0:00,transportation,biomass,4.224
1996-06-01 0:00,transportation,biomass,4.297
1986-02-01 0:00,transportation,biomass,4.406
1990-02-01 0:00,transportation,biomass,4.635
1986-04-01 0:00,transportation,biomass,4.721
1986-06-01 0:00,transportation,biomass,4.721
1986-09-01 0:00,transportation,biomass,4.721
1986-11-01 0:00,transportation,biomass,4.721
1996-09-01 0:00,transportation,biomass,4.779
1986-01-01 0:00,transportation,biomass,4.878
1986-03-01 0:00,transportation,biomass,4.878
1986-05-01 0:00,transportation,biomass,4.878
1986-07-01 0:00,transportation,biomass,4.878
1986-08-01 0:00,transportation,biomass,4.878
1986-10-01 0:00,transportation,biomass,4.878
1986-12-01 0:00,transportation,biomass,4.878
1990-04-01 0:00,transportation,biomass,4.966
1990-06-01 0:00,transportation,biomass,4.966
1990-09-01 0:00,transportation,biomass,4.966
1990-11-01 0:00,transportation,biomass,4.966
2006-05-01 0:00,transportation,biomass,40.165
2006-07-01 0:00,transportation,biomass,41.291
2007-02-01 0:00,transportation,biomass,42.605
2007-04-01 0:00,transportation,biomass,43.109
2006-09-01 0:00,transportation,biomass,43.154
2006-08-01 0:00,transportation,biomass,43.869
2006-11-01 0:00,transportation,biomass,44.748
2006-06-01 0:00,transportation,biomass,44.996
2006-10-01 0:00,transportation,biomass,45.685
2007-03-01 0:00,transportation,biomass,46.76
2007-05-01 0:00,transportation,biomass,47.151
2006-12-01 0:00,transportation,biomass,47.302
2007-01-01 0:00,transportation,biomass,47.935
2007-06-01 0:00,transportation,biomass,49.821
1987-02-01 0:00,transportation,biomass,5.068
1990-01-01 0:00,transportation,biomass,5.132
1990-03-01 0:00,transportation,biomass,5.132
1990-05-01 0:00,transportation,biomass,5.132
1990-07-01 0:00,transportation,biomass,5.132
1990-08-01 0:00,transportation,biomass,5.132
1990-10-01 0:00,transportation,biomass,5.132
1990-12-01 0:00,transportation,biomass,5.132
1996-08-01 0:00,transportation,biomass,5.151
1989-02-01 0:00,transportation,biomass,5.223
1988-02-01 0:00,transportation,biomass,5.319
1991-02-01 0:00,transportation,biomass,5.377
1987-04-01 0:00,transportation,biomass,5.431
1987-06-01 0:00,transportation,biomass,5.431
1987-09-01 0:00,transportation,biomass,5.431
1987-11-01 0:00,transportation,biomass,5.431
1988-04-01 0:00,transportation,biomass,5.502
1988-06-01 0:00,transportation,biomass,5.502
1988-09-01 0:00,transportation,biomass,5.502
1988-11-01 0:00,transportation,biomass,5.502
1989-04-01 0:00,transportation,biomass,5.597
1989-06-01 0:00,transportation,biomass,5.597
1989-09-01 0:00,transportation,biomass,5.597
1989-11-01 0:00,transportation,biomass,5.597
1987-01-01 0:00,transportation,biomass,5.612
1987-03-01 0:00,transportation,biomass,5.612
1987-05-01 0:00,transportation,biomass,5.612
1987-07-01 0:00,transportation,biomass,5.612
1987-08-01 0:00,transportation,biomass,5.612
1987-10-01 0:00,transportation,biomass,5.612
1987-12-01 0:00,transportation,biomass,5.612
1988-01-01 0:00,transportation,biomass,5.685
1988-03-01 0:00,transportation,biomass,5.685
1988-05-01 0:00,transportation,biomass,5.685
1988-07-01 0:00,transportation,biomass,5.685
1988-08-01 0:00,transportation,biomass,5.685
1988-10-01 0:00,transportation,biomass,5.685
1988-12-01 0:00,transportation,biomass,5.685
1991-04-01 0:00,transportation,biomass,5.761
1991-06-01 0:00,transportation,biomass,5.761
1991-09-01 0:00,transportation,biomass,5.761
1991-11-01 0:00,transportation,biomass,5.761
1989-01-01 0:00,transportation,biomass,5.783
1989-03-01 0:00,transportation,biomass,5.783
1989-05-01 0:00,transportation,biomass,5.783
1989-07-01 0:00,transportation,biomass,5.783
1989-08-01 0:00,transportation,biomass,5.783
1989-10-01 0:00,transportation,biomass,5.783
1989-12-01 0:00,transportation,biomass,5.783
1993-08-01 0:00,transportation,biomass,5.902
1996-05-01 0:00,transportation,biomass,5.906
1991-01-01 0:00,transportation,biomass,5.953
1991-03-01 0:00,transportation,biomass,5.953
1991-05-01 0:00,transportation,biomass,5.953
1991-07-01 0:00,transportation,biomass,5.953
1991-08-01 0:00,transportation,biomass,5.953
1991-10-01 0:00,transportation,biomass,5.953
1991-12-01 0:00,transportation,biomass,5.953
2007-07-01 0:00,transportation,biomass,50.442
2007-09-01 0:00,transportation,biomass,51.105
2007-11-01 0:00,transportation,biomass,52.93
2007-08-01 0:00,transportation,biomass,53.27
2008-01-01 0:00,transportation,biomass,57.217
2007-10-01 0:00,transportation,biomass,57.555
2008-02-01 0:00,transportation,biomass,58.092
2009-02-01 0:00,transportation,biomass,58.157
2008-03-01 0:00,transportation,biomass,58.585
2007-12-01 0:00,transportation,biomass,59.24
1995-08-01 0:00,transportation,biomass,6.267
1992-02-01 0:00,transportation,biomass,6.319
1992-04-01 0:00,transportation,biomass,6.537
1992-06-01 0:00,transportation,biomass,6.537
1992-09-01 0:00,transportation,biomass,6.537
1992-11-01 0:00,transportation,biomass,6.537
1992-01-01 0:00,transportation,biomass,6.754
1992-03-01 0:00,transportation,biomass,6.754
1992-05-01 0:00,transportation,biomass,6.754
1992-07-01 0:00,transportation,biomass,6.754
1992-08-01 0:00,transportation,biomass,6.754
1992-10-01 0:00,transportation,biomass,6.754
1992-12-01 0:00,transportation,biomass,6.754
1997-06-01 0:00,transportation,biomass,6.804
1996-04-01 0:00,transportation,biomass,6.805
1996-10-01 0:00,transportation,biomass,6.894
1994-09-01 0:00,transportation,biomass,6.918
2008-04-01 0:00,transportation,biomass,64.365
2008-06-01 0:00,transportation,biomass,66.266
2008-05-01 0:00,transportation,biomass,66.951
2009-01-01 0:00,transportation,biomass,67.39
2009-03-01 0:00,transportation,biomass,69.809
1993-05-01 0:00,transportation,biomass,7.03
1997-08-01 0:00,transportation,biomass,7.049
1993-04-01 0:00,transportation,biomass,7.119
1993-06-01 0:00,transportation,biomass,7.286
1994-06-01 0:00,transportation,biomass,7.341
1993-02-01 0:00,transportation,biomass,7.368
1993-01-01 0:00,transportation,biomass,7.396
1996-12-01 0:00,transportation,biomass,7.491
1993-07-01 0:00,transportation,biomass,7.509
1997-01-01 0:00,transportation,biomass,7.51
1998-05-01 0:00,transportation,biomass,7.562
1995-07-01 0:00,transportation,biomass,7.579
1994-07-01 0:00,transportation,biomass,7.816
1997-04-01 0:00,transportation,biomass,7.84
1996-11-01 0:00,transportation,biomass,7.847
1993-09-01 0:00,transportation,biomass,7.854
1997-09-01 0:00,transportation,biomass,7.912
1997-02-01 0:00,transportation,biomass,7.936
1994-02-01 0:00,transportation,biomass,7.98
2008-07-01 0:00,transportation,biomass,73.086
2009-04-01 0:00,transportation,biomass,73.365
2008-11-01 0:00,transportation,biomass,73.898
2008-09-01 0:00,transportation,biomass,74.782
2008-08-01 0:00,transportation,biomass,75.264
2008-10-01 0:00,transportation,biomass,77.913
2009-06-01 0:00,transportation,biomass,78.083
2008-12-01 0:00,transportation,biomass,78.154
2010-02-01 0:00,transportation,biomass,78.93
2009-05-01 0:00,transportation,biomass,79.758
1995-05-01 0:00,transportation,biomass,8.003
2001-06-01 0:00,transportation,biomass,8.053
1999-07-01 0:00,transportation,biomass,8.055
1994-04-01 0:00,transportation,biomass,8.062
1997-05-01 0:00,transportation,biomass,8.117
1998-06-01 0:00,transportation,biomass,8.163
1993-10-01 0:00,transportation,biomass,8.175
1994-05-01 0:00,transportation,biomass,8.254
1995-02-01 0:00,transportation,biomass,8.42
1993-03-01 0:00,transportation,biomass,8.445
1995-09-01 0:00,transportation,biomass,8.461
1998-04-01 0:00,transportation,biomass,8.481
1999-04-01 0:00,transportation,biomass,8.511
1998-02-01 0:00,transportation,biomass,8.535
1998-07-01 0:00,transportation,biomass,8.566
1999-05-01 0:00,transportation,biomass,8.57
1996-03-01 0:00,transportation,biomass,8.595
1997-11-01 0:00,transportation,biomass,8.618
1999-02-01 0:00,transportation,biomass,8.645
2000-06-01 0:00,transportation,biomass,8.683
1997-03-01 0:00,transportation,biomass,8.69
1994-08-01 0:00,transportation,biomass,8.691
1996-02-01 0:00,transportation,biomass,8.762
2009-09-01 0:00,transportation,biomass,80.144
2010-01-01 0:00,transportation,biomass,80.851
2020-04-01 0:00,transportation,biomass,81.2
2009-07-01 0:00,transportation,biomass,83.258
2011-02-01 0:00,transportation,biomass,84.451
2009-08-01 0:00,transportation,biomass,84.802
2009-11-01 0:00,transportation,biomass,85.131
2010-03-01 0:00,transportation,biomass,85.353
2011-01-01 0:00,transportation,biomass,86.375
2010-04-01 0:00,transportation,biomass,87.411
2009-12-01 0:00,transportation,biomass,87.423
2009-10-01 0:00,transportation,biomass,87.65
2013-02-01 0:00,transportation,biomass,87.658
2012-01-01 0:00,transportation,biomass,87.954
2012-02-01 0:00,transportation,biomass,89.758
2010-09-01 0:00,transportation,biomass,89.877
1994-03-01 0:00,transportation,biomass,9.073
1998-08-01 0:00,transportation,biomass,9.133
1999-03-01 0:00,transportation,biomass,9.221
1999-08-01 0:00,transportation,biomass,9.228
1995-01-01 0:00,transportation,biomass,9.237
1999-09-01 0:00,transportation,biomass,9.249
1997-07-01 0:00,transportation,biomass,9.276
1998-09-01 0:00,transportation,biomass,9.393
2000-02-01 0:00,transportation,biomass,9.412
1999-06-01 0:00,transportation,biomass,9.42
1994-11-01 0:00,transportation,biomass,9.538
1995-04-01 0:00,transportation,biomass,9.554
1998-11-01 0:00,transportation,biomass,9.605
1993-12-01 0:00,transportation,biomass,9.655
2001-08-01 0:00,transportation,biomass,9.74
1998-03-01 0:00,transportation,biomass,9.772
1993-11-01 0:00,transportation,biomass,9.921
2000-04-01 0:00,transportation,biomass,9.988
2011-04-01 0:00,transportation,biomass,90.699
2010-11-01 0:00,transportation,biomass,90.765
2010-05-01 0:00,transportation,biomass,91.769
2013-01-01 0:00,transportation,biomass,92.322
2012-11-01 0:00,transportation,biomass,92.672
2010-06-01 0:00,transportation,biomass,92.745
2012-09-01 0:00,transportation,biomass,92.882
2012-12-01 0:00,transportation,biomass,93.203
2011-03-01 0:00,transportation,biomass,93.53
2010-08-01 0:00,transportation,biomass,93.725
2010-10-01 0:00,transportation,biomass,94.324
2010-07-01 0:00,transportation,biomass,94.376
2010-12-01 0:00,transportation,biomass,94.418
2014-02-01 0:00,transportation,biomass,94.56
2011-07-01 0:00,transportation,biomass,96.807
2015-01-01 0:00,transportation,biomass,96.85
2011-09-01 0:00,transportation,biomass,96.897
2015-02-01 0:00,transportation,biomass,97.347
2012-04-01 0:00,transportation,biomass,98.625
2012-07-01 0:00,transportation,biomass,99.022
2011-05-01 0:00,transportation,biomass,99.135
2012-03-01 0:00,transportation,biomass,99.744
2011-11-01 0:00,transportation,biomass,99.943